Time (days),Rhodococcus,Sphingopyxis,Variovorax
0,0.968093231822998,0.0272008278512824,0.00470594032572006
0.458333333,0.993582887700535,0.00291889483065954,0.0034982174688057
0.875,0.263294422827497,0.712386511024643,0.0243190661478599
1.75,0.418036072144289,0.353564271399943,0.228399656455769
2.75,0.258538980445735,0.523631628383571,0.217829391170694
3.75,0.145453859313676,0.510881050618899,0.343665090067425
6.583333333,0.137122544971455,0.698287314638613,0.164590140389932
7.5,0.12138800262485,0.598488448396805,0.280123548978345
10.54166667,0.205670807822624,0.793229507222255,0.00109968495512097
15.58333333,0.193244449110283,0.415315031581894,0.391440519307823
